{"Year": {"mean": 2001.8869670763163, "std": 14.084593842775673}, "Original budget": {"mean": 34111136.278258234, "std": 53715920.75652778}, "Duration": {"mean": 108.96904870277652, "std": 20.294769384770788}}